{"cameraMode":{"drawMode":0,"name":"Shaded","section":"Shading Mode"},"sceneLighting":false,"audioPlay":false,"sceneViewState":{"showFog":true,"showMaterialUpdate":false,"showSkybox":true,"showFlares":true,"showImageEffects":true,"showParticleSystems":true},"in2DMode":false,"pivot":{"x":0.00678262859582901,"y":0.14627616107463838,"z":1.9087891578674317},"rotation":{"x":-0.167250394821167,"y":-0.05557757243514061,"z":0.009443007409572602,"w":-0.9843039512634277},"size":0.6504504084587097,"orthographic":false}