{"cameraMode":{"drawMode":0,"name":"Shaded","section":"Shading Mode"},"sceneLighting":false,"audioPlay":false,"sceneViewState":{"showFog":true,"showMaterialUpdate":false,"showSkybox":true,"showFlares":true,"showImageEffects":true,"showParticleSystems":true},"in2DMode":false,"pivot":{"x":-0.02223670482635498,"y":-0.016018493101000787,"z":0.24234533309936524},"rotation":{"x":-0.36711370944976809,"y":-0.4933701157569885,"z":0.241258442401886,"w":-0.7507418394088745},"size":1.0913925170898438,"orthographic":false}