{"cameraMode":{"drawMode":0,"name":"Shaded","section":"Shading Mode"},"sceneLighting":true,"audioPlay":false,"sceneViewState":{"showFog":true,"showMaterialUpdate":false,"showSkybox":true,"showFlares":true,"showImageEffects":true,"showParticleSystems":true},"in2DMode":false,"pivot":{"x":-110.0006103515625,"y":-322.90032958984377,"z":577.0227661132813},"rotation":{"x":-0.24270936846733094,"y":-0.1238977313041687,"z":0.031247954815626146,"w":-0.9616712331771851},"size":0.029640495777130128,"orthographic":false}