{"cameraMode":{"drawMode":0,"name":"Shaded","section":"Shading Mode"},"sceneLighting":false,"audioPlay":false,"sceneViewState":{"showFog":true,"showMaterialUpdate":false,"showSkybox":true,"showFlares":true,"showImageEffects":true,"showParticleSystems":true},"in2DMode":false,"pivot":{"x":0.013578474521636963,"y":-0.06859385967254639,"z":0.10497495532035828},"rotation":{"x":-0.2987201511859894,"y":-0.4201947748661041,"z":0.1487223505973816,"w":-0.8438614010810852},"size":1.0501656532287598,"orthographic":false}