{"cameraMode":{"drawMode":0,"name":"Shaded","section":"Shading Mode"},"sceneLighting":false,"audioPlay":false,"sceneViewState":{"showFog":true,"showMaterialUpdate":false,"showSkybox":true,"showFlares":true,"showImageEffects":true,"showParticleSystems":true},"in2DMode":false,"pivot":{"x":0.04164327681064606,"y":-0.08350512385368347,"z":0.07686797529459},"rotation":{"x":-0.2633485198020935,"y":-0.4617963433265686,"z":0.14572778344154359,"w":-0.8343712091445923},"size":0.3404166102409363,"orthographic":false}