{"cameraMode":{"drawMode":0,"name":"Shaded","section":"Shading Mode"},"sceneLighting":false,"audioPlay":false,"sceneViewState":{"showFog":true,"showMaterialUpdate":false,"showSkybox":true,"showFlares":true,"showImageEffects":true,"showParticleSystems":true},"in2DMode":false,"pivot":{"x":-3.493000030517578,"y":0.35376864671707156,"z":0.03726711869239807},"rotation":{"x":-0.07780634611845017,"y":-0.6014267206192017,"z":0.05901296064257622,"w":-0.7929406762123108},"size":1.6491177082061768,"orthographic":false}