{"cameraMode":{"drawMode":0,"name":"Shaded","section":"Shading Mode"},"sceneLighting":false,"audioPlay":false,"sceneViewState":{"showFog":true,"showMaterialUpdate":false,"showSkybox":true,"showFlares":true,"showImageEffects":true,"showParticleSystems":true},"in2DMode":false,"pivot":{"x":-0.04999999701976776,"y":7.450580596923828e-9,"z":-8.729999542236329},"rotation":{"x":-0.2785329818725586,"y":-0.22633394598960877,"z":0.06769691407680512,"w":-0.9309282898902893},"size":6.604124069213867,"orthographic":false}