{"cameraMode":{"drawMode":0,"name":"Shaded","section":"Shading Mode"},"sceneLighting":true,"audioPlay":false,"sceneViewState":{"showFog":true,"showMaterialUpdate":false,"showSkybox":true,"showFlares":true,"showImageEffects":true,"showParticleSystems":true},"in2DMode":false,"pivot":{"x":0.008812904357910157,"y":0.29253101348876955,"z":-0.8835657835006714},"rotation":{"x":-0.06302254647016525,"y":-0.8969014286994934,"z":0.13583725690841676,"w":-0.41611573100090029},"size":1.733452320098877,"orthographic":false}