{"cameraMode":{"drawMode":0,"name":"Shaded","section":"Shading Mode"},"sceneLighting":true,"audioPlay":false,"sceneViewState":{"showFog":true,"showMaterialUpdate":false,"showSkybox":true,"showFlares":true,"showImageEffects":true,"showParticleSystems":true},"in2DMode":false,"pivot":{"x":182.15953063964845,"y":80.68553161621094,"z":92.84098052978516},"rotation":{"x":-0.004250105004757643,"y":0.9903724193572998,"z":-0.13483105599880219,"w":-0.031222481280565263},"size":5.401918888092041,"orthographic":false}