{"cameraMode":{"drawMode":0,"name":"Shaded","section":"Shading Mode"},"sceneLighting":true,"audioPlay":false,"sceneViewState":{"showFog":true,"showMaterialUpdate":false,"showSkybox":true,"showFlares":true,"showImageEffects":true,"showParticleSystems":true},"in2DMode":false,"pivot":{"x":0.18530914187431336,"y":-0.044023603200912479,"z":-0.2544301748275757},"rotation":{"x":-0.08434084802865982,"y":-0.13441191613674165,"z":0.011456231586635113,"w":-0.9872792363166809},"size":1.228578805923462,"orthographic":false}