{"cameraMode":{"drawMode":0,"name":"Shaded","section":"Shading Mode"},"sceneLighting":true,"audioPlay":false,"sceneViewState":{"showFog":true,"showMaterialUpdate":false,"showSkybox":true,"showFlares":true,"showImageEffects":true,"showParticleSystems":true},"in2DMode":false,"pivot":{"x":0.7244083285331726,"y":-0.9353859424591065,"z":1.6177431344985963},"rotation":{"x":-0.2968408167362213,"y":-0.3196152150630951,"z":0.10615140944719315,"w":-0.893578290939331},"size":0.5285061001777649,"orthographic":false}