{"cameraMode":{"drawMode":0,"name":"Shaded","section":"Shading Mode"},"sceneLighting":false,"audioPlay":false,"sceneViewState":{"showFog":true,"showMaterialUpdate":false,"showSkybox":true,"showFlares":true,"showImageEffects":true,"showParticleSystems":true},"in2DMode":false,"pivot":{"x":-0.004999980330467224,"y":0.030625008046627046,"z":1.2000000476837159},"rotation":{"x":0.13969269394874574,"y":0.3036358952522278,"z":-0.04505409672856331,"w":0.9414204955101013},"size":1.2773537635803223,"orthographic":false}