{"cameraMode":{"drawMode":0,"name":"Shaded","section":"Shading Mode"},"sceneLighting":true,"audioPlay":false,"sceneViewState":{"showFog":true,"showMaterialUpdate":false,"showSkybox":true,"showFlares":true,"showImageEffects":true,"showParticleSystems":true},"in2DMode":false,"pivot":{"x":0.5540000200271606,"y":-0.029095441102981569,"z":1.03632652759552},"rotation":{"x":-0.1014779657125473,"y":-0.03643076866865158,"z":0.003688674420118332,"w":-0.9941884875297546},"size":0.05715763941407204,"orthographic":false}