{"cameraMode":{"drawMode":0,"name":"Shaded","section":"Shading Mode"},"sceneLighting":true,"audioPlay":false,"sceneViewState":{"showFog":true,"showMaterialUpdate":false,"showSkybox":true,"showFlares":true,"showImageEffects":true,"showParticleSystems":true},"in2DMode":false,"pivot":{"x":179.13717651367188,"y":79.5699234008789,"z":90.26793670654297},"rotation":{"x":-0.05070524290204048,"y":0.9396253228187561,"z":-0.1596589833498001,"w":-0.298415869474411},"size":8.489144325256348,"orthographic":false}