{"cameraMode":{"drawMode":0,"name":"Shaded","section":"Shading Mode"},"sceneLighting":true,"audioPlay":false,"sceneViewState":{"showFog":true,"showMaterialUpdate":false,"showSkybox":true,"showFlares":true,"showImageEffects":true,"showParticleSystems":true},"in2DMode":false,"pivot":{"x":172.5829620361328,"y":-199.20193481445313,"z":-16.642044067382814},"rotation":{"x":0.1868128478527069,"y":0.4705483019351959,"z":-0.10266157984733582,"w":0.8562467694282532},"size":19.100141525268556,"orthographic":false}