{"cameraMode":{"drawMode":0,"name":"Shaded","section":"Shading Mode"},"sceneLighting":false,"audioPlay":false,"sceneViewState":{"showFog":true,"showMaterialUpdate":false,"showSkybox":true,"showFlares":true,"showImageEffects":true,"showParticleSystems":true},"in2DMode":false,"pivot":{"x":0.16396205127239228,"y":-0.45496267080307009,"z":0.389242559671402},"rotation":{"x":-0.3853789269924164,"y":-0.323013037443161,"z":0.1461164355278015,"w":-0.8519411087036133},"size":0.8229057192802429,"orthographic":false}