{"cameraMode":{"drawMode":0,"name":"Shaded","section":"Shading Mode"},"sceneLighting":true,"audioPlay":false,"sceneViewState":{"showFog":true,"showMaterialUpdate":false,"showSkybox":true,"showFlares":true,"showImageEffects":true,"showParticleSystems":true},"in2DMode":false,"pivot":{"x":0.22627878189086915,"y":-0.39935779571533205,"z":-1.8292452096939088},"rotation":{"x":-0.3020879626274109,"y":0.551110565662384,"z":-0.22348521649837495,"w":-0.7450641989707947},"size":5.895595073699951,"orthographic":false}