{"cameraMode":{"drawMode":0,"name":"Shaded","section":"Shading Mode"},"sceneLighting":true,"audioPlay":false,"sceneViewState":{"showFog":true,"showMaterialUpdate":false,"showSkybox":true,"showFlares":true,"showImageEffects":true,"showParticleSystems":true},"in2DMode":false,"pivot":{"x":-0.02223670482635498,"y":-0.016018493101000787,"z":-0.0027179233729839327},"rotation":{"x":-0.0432576909661293,"y":-0.9482003450393677,"z":0.14739154279232026,"w":-0.27810603380203249},"size":0.3770942986011505,"orthographic":false}